attribute,skill,p_perm,p_holm,skill_without_islay,rho_longitude,rho_latitude
Body,-0.0663,0.288,1.0,-0.0762,-0.0762,0.0391
Sweetness,0.0222,0.005,0.05,-0.0413,0.3,0.2655
Smoky,0.145,0.001,0.012,0.0638,-0.2372,-0.1956
Medicinal,0.2989,0.001,0.012,0.2105,-0.4706,-0.1432
Tobacco,-0.1265,0.841,1.0,-0.1248,-0.0322,-0.0117
Honey,-0.0759,0.359,1.0,-0.0652,0.2141,0.0407
Spicy,-0.0816,0.437,1.0,-0.0552,-0.0568,0.0418
Winey,-0.0584,0.21,1.0,-0.0599,0.1936,-0.0021
Nutty,-0.0557,0.22,1.0,-0.0472,0.0617,-0.004
Malty,0.0017,0.015,0.135,-0.0117,0.2613,-0.0487
Fruity,-0.0092,0.036,0.256,-0.0567,0.1799,0.2553
Floral,-0.0093,0.032,0.256,-0.02,0.0752,0.1028
