normalized,coef,share_90plus,share_below,n
RANCIO,1.363,0.025,0.004,20
MARMALADE,0.849,0.063,0.027,81
DRIED FRUIT,0.76,0.098,0.047,134
SMOKED FISH,0.755,0.028,0.012,36
DARK FRUIT,0.709,0.037,0.017,50
DUSTY,0.654,0.023,0.013,34
WOOD SPICE,0.653,0.056,0.029,81
SMOKE,0.642,0.34,0.228,576
MARZIPAN,0.627,0.039,0.021,58
POLISH,0.595,0.058,0.026,76
SMOKED MEAT,0.575,0.037,0.014,45
BRANDY,0.564,0.019,0.006,21
SAP,-0.875,0.005,0.018,33
MASH,-0.776,0.0,0.013,22
HEAT,-0.738,0.037,0.075,147
ACIDITY,-0.716,0.005,0.024,44
GRAPE,-0.665,0.011,0.029,55
ESTERY,-0.622,0.002,0.014,24
GREEN APPLE,-0.613,0.012,0.03,57
GRASS,-0.575,0.019,0.057,106
RHUBARB,-0.572,0.005,0.011,22
PUDDING,-0.557,0.014,0.027,53
BLUEBERRY,-0.537,0.005,0.014,26
RED FRUIT,-0.526,0.012,0.023,45
