features,model,cv,accuracy,precision,recall,f1,auc
C,NB,random,0.7352,0.4508,0.1926,0.2699,0.6499
C,NB,grouped,0.7299,0.4231,0.1734,0.246,0.6472
C,SVM,random,0.7588,0.6559,0.1068,0.1837,0.7063
C,SVM,grouped,0.7601,0.66,0.1156,0.1967,0.7018
C,LR,random,0.7597,0.6505,0.1173,0.1988,0.7065
C,LR,grouped,0.7606,0.6542,0.1226,0.2065,0.7024
S,NB,random,0.7165,0.4279,0.3433,0.381,0.6769
S,NB,grouped,0.7152,0.4228,0.331,0.3713,0.6613
S,SVM,random,0.7592,0.6014,0.1559,0.2476,0.7102
S,SVM,grouped,0.7597,0.604,0.1576,0.25,0.6969
S,LR,random,0.7615,0.6115,0.1681,0.2637,0.7096
S,LR,grouped,0.7588,0.5935,0.1611,0.2534,0.6982
N,NB,random,0.7833,0.5897,0.4834,0.5313,0.7713
N,NB,grouped,0.7775,0.5763,0.4694,0.5174,0.7648
N,SVM,random,0.7735,0.5829,0.3818,0.4614,0.748
N,SVM,grouped,0.7655,0.5579,0.3713,0.4458,0.7368
N,LR,random,0.7784,0.6006,0.3818,0.4668,0.7545
N,LR,grouped,0.7695,0.5722,0.3678,0.4478,0.7424
CN,NB,random,0.765,0.5375,0.5394,0.5385,0.7612
CN,NB,grouped,0.7561,0.5205,0.5114,0.5159,0.7557
CN,SVM,random,0.7717,0.5775,0.3783,0.4571,0.7476
CN,SVM,grouped,0.7659,0.5587,0.3748,0.4486,0.7367
CN,LR,random,0.7788,0.6011,0.3853,0.4696,0.7544
CN,LR,grouped,0.7686,0.5687,0.3695,0.448,0.7423
CSN,NB,random,0.7352,0.4813,0.5412,0.5095,0.7432
CSN,NB,grouped,0.7281,0.4688,0.5271,0.4963,0.7341
CSN,SVM,random,0.7721,0.5787,0.38,0.4588,0.7468
CSN,SVM,grouped,0.7672,0.5619,0.3818,0.4546,0.7356
CSN,LR,random,0.781,0.6076,0.3905,0.4755,0.7534
CSN,LR,grouped,0.7668,0.563,0.3678,0.4449,0.7411
-,always 89 or below,-,0.7459,0.0,0.0,0.0,0.5
