id,name_tr,name_en,kind,portion_g,note_tr,note_en,source_url
mavi_damarli,Mavi damarlı peynir (rokfor tipi),Blue-veined cheese (Roquefort style),blue,225,Türkiye'de üretilen rokfor tipi küflü peynir; zincir marketlerde bulunur,Turkish-made Roquefort-style blue; sold in chain supermarkets,https://www.migros.com.tr/arama?q=rokfor
bitter_cikolata,Bitter çikolata (%70 kakao),Dark chocolate (70% cocoa),chocolate,100,Sade bitter tablet,Plain dark chocolate bar,https://www.masterofmalt.com/blog/post/what-pairs-well-with-whisky/
sutlu_cikolata,Sütlü çikolata,Milk chocolate,chocolate,100,Sade sütlü tablet,Plain milk chocolate bar,https://www.masterofmalt.com/blog/post/what-pairs-well-with-whisky/
kuru_incir,Kuru incir,Dried figs,dried_fruit,250,Aydın inciri,Aydın figs,https://www.masterofmalt.com/blog/post/what-pairs-well-with-whisky/
hurma,Hurma,Dates,dried_fruit,250,Medjool / Medine,Medjool / Medina dates,https://www.masterofmalt.com/blog/post/what-pairs-well-with-whisky/
kuru_uzum,Kuru üzüm (sultani),Sultanas,dried_fruit,250,Çekirdeksiz sultani,Seedless sultanas,https://www.masterofmalt.com/blog/post/what-pairs-well-with-whisky/
badem,Kavrulmuş badem,Roasted almonds,nuts,200,,,https://www.masterofmalt.com/blog/post/what-pairs-well-with-whisky/
findik,Kavrulmuş fındık,Roasted hazelnuts,nuts,200,,,https://www.masterofmalt.com/blog/post/what-pairs-well-with-whisky/
antep_fistigi,Antep fıstığı,Pistachios,nuts,200,,,https://www.masterofmalt.com/blog/post/what-pairs-well-with-whisky/
fume_somon,Füme somon,Smoked salmon,fish,100,,,https://www.masterofmalt.com/blog/post/what-pairs-well-with-whisky/
