product,distillery,pattern,price_tl,as_of,source_name,source_url
J&B Rare,,^J&B Rare,1.225–1.365,2026-09,habergazetesi.com.tr,https://www.habergazetesi.com.tr/viski-fiyatlari
Grant's Triple Wood,,^Grant's Triple Wood,1.250–1.350,2026-09,habergazetesi.com.tr,https://www.habergazetesi.com.tr/viski-fiyatlari
Johnnie Walker Red Label,,^Johnnie Walker Red Label,1.350–1.550,2026-09,habergazetesi.com.tr,https://www.habergazetesi.com.tr/viski-fiyatlari
Johnnie Walker Black Label,,^Johnnie Walker Black Label 12 year old,1.775–1.995,2026-09,habergazetesi.com.tr,https://www.habergazetesi.com.tr/viski-fiyatlari
Johnnie Walker Double Black,,^Johnnie Walker Double Black,2.000–2.095,2026-09,habergazetesi.com.tr,https://www.habergazetesi.com.tr/viski-fiyatlari
Johnnie Walker Gold Label Reserve,,^Johnnie Walker Gold Label Reserve,2.900–3.325,2026-09,habergazetesi.com.tr,https://www.habergazetesi.com.tr/viski-fiyatlari
Johnnie Walker 18,,^Johnnie Walker 18 year old,3.800–4.600,2026-09,habergazetesi.com.tr,https://www.habergazetesi.com.tr/viski-fiyatlari
Johnnie Walker Blue Label,,"^Johnnie Walker Blue Label, 40%",11.000,2026-09,habergazetesi.com.tr,https://www.habergazetesi.com.tr/viski-fiyatlari
Johnnie Walker King George V,,King George V,24.000,2026-09,habergazetesi.com.tr,https://www.habergazetesi.com.tr/viski-fiyatlari
Chivas Regal 12,,^Chivas Regal 12 year old,1.795–2.095,2026-09,habergazetesi.com.tr,https://www.habergazetesi.com.tr/viski-fiyatlari
Chivas Regal Extra,,^Chivas Regal Extra,2.500,2026-09,habergazetesi.com.tr,https://www.habergazetesi.com.tr/viski-fiyatlari
Chivas Regal 15,,^Chivas Regal XV,3.800,2026-09,habergazetesi.com.tr,https://www.habergazetesi.com.tr/viski-fiyatlari
Chivas Regal 18,,"^Chivas(?: Regal)?,? 18 year old, 40%",4.600,2026-09,habergazetesi.com.tr,https://www.habergazetesi.com.tr/viski-fiyatlari
Chivas Regal Ultis 20,,^Chivas Regal Ultis,12.500,2026-09,habergazetesi.com.tr,https://www.habergazetesi.com.tr/viski-fiyatlari
Chivas Regal 25,,^Chivas Regal 25,26.500,2026-09,habergazetesi.com.tr,https://www.habergazetesi.com.tr/viski-fiyatlari
Royal Salute 21,,"^Royal Salute 21 year old, 40%",11.500,2026-01,Pernod Ricard Türkiye listesi (habergazetesi.com.tr),https://www.habergazetesi.com.tr/pernod-ricard-turkiye-alkol-fiyatlari
Cardhu Gold Reserve,Cardhu,^Cardhu Gold Reserve,2.585,2026-09,habergazetesi.com.tr,https://www.habergazetesi.com.tr/viski-fiyatlari
Cardhu 12,Cardhu,^Cardhu 12 year old,2.585–3.250,2026-09,habergazetesi.com.tr,https://www.habergazetesi.com.tr/viski-fiyatlari
Cardhu 15,Cardhu,,3.700,2026-09,habergazetesi.com.tr,https://www.habergazetesi.com.tr/viski-fiyatlari
The Singleton of Dufftown 12,Dufftown,,2.225,2026-09,habergazetesi.com.tr,https://www.habergazetesi.com.tr/viski-fiyatlari
The Singleton of Dufftown 15,Dufftown,,3.000,2026-09,habergazetesi.com.tr,https://www.habergazetesi.com.tr/viski-fiyatlari
Clynelish 14,Clynelish,^Clynelish 14,3.875,2026-09,habergazetesi.com.tr,https://www.habergazetesi.com.tr/viski-fiyatlari
Caol Ila 12,Caol Ila,"^Caol Ila 12 year old, 43%",3.650,2026-09,habergazetesi.com.tr,https://www.habergazetesi.com.tr/viski-fiyatlari
Glenkinchie 12,Glenkinchie,^Glenkinchie 12,3.350,2026-09,habergazetesi.com.tr,https://www.habergazetesi.com.tr/viski-fiyatlari
The Glenlivet Founder's Reserve,Glenlivet,,2.450,2026-09,habergazetesi.com.tr,https://www.habergazetesi.com.tr/viski-fiyatlari
The Glenlivet Caribbean Reserve,Glenlivet,Glenlivet Caribbean,2.800,2026-09,habergazetesi.com.tr,https://www.habergazetesi.com.tr/viski-fiyatlari
The Glenlivet 12,Glenlivet,"^(?:The )?Glenlivet 12 year old, 40%",3.250,2026-09,habergazetesi.com.tr,https://www.habergazetesi.com.tr/viski-fiyatlari
The Glenlivet 15,Glenlivet,,5.250,2026-09,habergazetesi.com.tr,https://www.habergazetesi.com.tr/viski-fiyatlari
The Glenlivet 18,Glenlivet,^(?:The )?Glenlivet 18,8.000,2026-09,habergazetesi.com.tr,https://www.habergazetesi.com.tr/viski-fiyatlari
Talisker Skye,Talisker,^Talisker Skye,3.525,2026-09,habergazetesi.com.tr,https://www.habergazetesi.com.tr/viski-fiyatlari
Talisker Storm,Talisker,^Talisker Storm,3.575,2026-09,habergazetesi.com.tr,https://www.habergazetesi.com.tr/viski-fiyatlari
Talisker 10,Talisker,^Talisker 10,3.050–3.575,2026-09,habergazetesi.com.tr,https://www.habergazetesi.com.tr/viski-fiyatlari
Lagavulin 8,Lagavulin,^Lagavulin 8,3.650,2026-09,habergazetesi.com.tr,https://www.habergazetesi.com.tr/viski-fiyatlari
Lagavulin Distillers Edition,Lagavulin,^Lagavulin.*Distillers,6.350,2026-09,habergazetesi.com.tr,https://www.habergazetesi.com.tr/viski-fiyatlari
Lagavulin 16,Lagavulin,^Lagavulin 16,7.400–8.600,2026-09,habergazetesi.com.tr,https://www.habergazetesi.com.tr/viski-fiyatlari
Aberlour 12,Aberlour,^Aberlour 12,3.750,2026-09,habergazetesi.com.tr,https://www.habergazetesi.com.tr/viski-fiyatlari
Aberlour 14,Aberlour,,5.000,2026-09,habergazetesi.com.tr,https://www.habergazetesi.com.tr/viski-fiyatlari
Aberlour 16,Aberlour,^Aberlour 16,8.000,2026-09,habergazetesi.com.tr,https://www.habergazetesi.com.tr/viski-fiyatlari
Aberlour 18,Aberlour,^Aberlour 18,10.500,2026-09,habergazetesi.com.tr,https://www.habergazetesi.com.tr/viski-fiyatlari
Aberlour A'Bunadh,Aberlour,^Aberlour A'[Bb]unadh,7.700,2026-09,habergazetesi.com.tr,https://www.habergazetesi.com.tr/viski-fiyatlari
Mortlach 12,Mortlach,^Mortlach 12,4.000,2026-09,habergazetesi.com.tr,https://www.habergazetesi.com.tr/viski-fiyatlari
Mortlach 16,Mortlach,^Mortlach 16,7.400,2026-09,habergazetesi.com.tr,https://www.habergazetesi.com.tr/viski-fiyatlari
Macallan Double Cask 12,Macallan,Macallan 12 year old Double Cask,4.475,2026-09,habergazetesi.com.tr,https://www.habergazetesi.com.tr/viski-fiyatlari
Macallan Double Cask 15,Macallan,Macallan 15 year old Double Cask,8.300,2026-09,habergazetesi.com.tr,https://www.habergazetesi.com.tr/viski-fiyatlari
Macallan Double Cask 18,Macallan,Macallan 18 year old Double Cask,15.950,2026-09,habergazetesi.com.tr,https://www.habergazetesi.com.tr/viski-fiyatlari
Tamnavulin Double Cask,Tamnavulin,^Tamnavulin Double Cask,1.950,2026-09,habergazetesi.com.tr,https://www.habergazetesi.com.tr/viski-fiyatlari
Tamnavulin Sherry Cask,Tamnavulin,,1.950,2026-09,habergazetesi.com.tr,https://www.habergazetesi.com.tr/viski-fiyatlari
Oban 14,Oban,^Oban 14,,2026-09,Diageo Türkiye (ithal markalar),https://www.diageoturkiye.com/markalarimiz/ithal-ettigimiz-ickiler/ithal-viski.html
